"num_rolo","num_metros_quadrados","num_unidades","num_defeitos","num_medio_defeitos_unidade"
1,500,10,14,1.4
2,400,8,12,1.5
3,650,13,20,1.53846153846154
4,500,10,11,1.1
5,475,9.5,7,0.736842105263158
6,500,10,10,1
7,600,12,21,1.75
8,525,10.5,16,1.52380952380952
9,600,12.5,19,1.52
10,625,12.5,23,1.84
